source,target
flare.analytics.cluster.AgglomerativeCluster,flare.animate.Transitioner
flare.analytics.cluster.AgglomerativeCluster,flare.vis.data.DataList
flare.analytics.cluster.AgglomerativeCluster,flare.util.math.IMatrix
flare.analytics.cluster.AgglomerativeCluster,flare.analytics.cluster.MergeEdge
flare.analytics.cluster.AgglomerativeCluster,flare.analytics.cluster.HierarchicalCluster
flare.analytics.cluster.AgglomerativeCluster,flare.vis.data.Data
flare.analytics.cluster.CommunityStructure,flare.analytics.cluster.HierarchicalCluster
flare.analytics.cluster.CommunityStructure,flare.animate.Transitioner
flare.analytics.cluster.CommunityStructure,flare.vis.data.DataList
flare.analytics.cluster.CommunityStructure,flare.analytics.cluster.MergeEdge
flare.analytics.cluster.CommunityStructure,flare.util.math.IMatrix
flare.analytics.cluster.HierarchicalCluster,flare.vis.data.EdgeSprite
flare.analytics.cluster.HierarchicalCluster,flare.vis.data.NodeSprite
flare.analytics.cluster.HierarchicalCluster,flare.vis.data.DataList
flare.analytics.cluster.HierarchicalCluster,flare.vis.data.Tree
flare.analytics.cluster.HierarchicalCluster,flare.util.Arrays
flare.analytics.cluster.HierarchicalCluster,flare.analytics.cluster.MergeEdge
flare.analytics.cluster.HierarchicalCluster,flare.util.Sort
flare.analytics.cluster.HierarchicalCluster,flare.vis.operator.Operator
flare.analytics.cluster.HierarchicalCluster,flare.util.Property
flare.analytics.cluster.HierarchicalCluster,flare.vis.data.Data
flare.analytics.graph.BetweennessCentrality,flare.animate.Transitioner
flare.analytics.graph.BetweennessCentrality,flare.vis.data.NodeSprite
flare.analytics.graph.BetweennessCentrality,flare.vis.data.DataList
flare.analytics.graph.BetweennessCentrality,flare.util.Arrays
flare.analytics.graph.BetweennessCentrality,flare.vis.data.Data
flare.analytics.graph.BetweennessCentrality,flare.util.Property
flare.analytics.graph.BetweennessCentrality,flare.vis.operator.Operator
flare.analytics.graph.LinkDistance,flare.animate.Transitioner
flare.analytics.graph.LinkDistance,flare.vis.data.NodeSprite
flare.analytics.graph.LinkDistance,flare.vis.data.EdgeSprite
flare.analytics.graph.LinkDistance,flare.analytics.graph.ShortestPaths
flare.analytics.graph.LinkDistance,flare.vis.data.Data
flare.analytics.graph.LinkDistance,flare.util.Property
flare.analytics.graph.LinkDistance,flare.vis.operator.Operator
flare.analytics.graph.MaxFlowMinCut,flare.animate.Transitioner
flare.analytics.graph.MaxFlowMinCut,flare.vis.data.NodeSprite
flare.analytics.graph.MaxFlowMinCut,flare.vis.data.EdgeSprite
flare.analytics.graph.MaxFlowMinCut,flare.vis.data.Data
flare.analytics.graph.MaxFlowMinCut,flare.util.Property
flare.analytics.graph.MaxFlowMinCut,flare.vis.operator.Operator
flare.analytics.graph.ShortestPaths,flare.vis.data.EdgeSprite
flare.analytics.graph.ShortestPaths,flare.vis.data.NodeSprite
flare.analytics.graph.ShortestPaths,flare.animate.Transitioner
flare.analytics.graph.ShortestPaths,flare.vis.operator.Operator
flare.analytics.graph.ShortestPaths,flare.util.heap.HeapNode
flare.analytics.graph.ShortestPaths,flare.util.heap.FibonacciHeap
flare.analytics.graph.ShortestPaths,flare.util.Property
flare.analytics.graph.ShortestPaths,flare.vis.data.Data
flare.analytics.graph.SpanningTree,flare.animate.Transitioner
flare.analytics.graph.SpanningTree,flare.vis.data.NodeSprite
flare.analytics.graph.SpanningTree,flare.vis.operator.IOperator
flare.analytics.graph.SpanningTree,flare.vis.Visualization
flare.analytics.graph.SpanningTree,flare.vis.data.TreeBuilder
flare.analytics.graph.SpanningTree,flare.vis.operator.Operator
flare.analytics.optimization.AspectRatioBanker,flare.animate.Transitioner
flare.analytics.optimization.AspectRatioBanker,flare.util.Arrays
flare.analytics.optimization.AspectRatioBanker,flare.vis.data.DataSprite
flare.analytics.optimization.AspectRatioBanker,flare.scale.Scale
flare.analytics.optimization.AspectRatioBanker,flare.vis.axis.CartesianAxes
flare.analytics.optimization.AspectRatioBanker,flare.vis.Visualization
flare.analytics.optimization.AspectRatioBanker,flare.util.Property
flare.analytics.optimization.AspectRatioBanker,flare.vis.operator.Operator
flare.animate.Easing,flare.animate.Transition
flare.animate.FunctionSequence,flare.util.Maths
flare.animate.FunctionSequence,flare.animate.Transition
flare.animate.FunctionSequence,flare.util.Arrays
flare.animate.FunctionSequence,flare.animate.Sequence
flare.animate.FunctionSequence,flare.animate.Transitioner
flare.animate.interpolate.ArrayInterpolator,flare.util.Arrays
flare.animate.interpolate.ArrayInterpolator,flare.animate.interpolate.Interpolator
flare.animate.interpolate.ColorInterpolator,flare.animate.interpolate.Interpolator
flare.animate.interpolate.DateInterpolator,flare.animate.interpolate.Interpolator
flare.animate.interpolate.Interpolator,flare.animate.interpolate.NumberInterpolator
flare.animate.interpolate.Interpolator,flare.animate.interpolate.ColorInterpolator
flare.animate.interpolate.Interpolator,flare.animate.interpolate.PointInterpolator
flare.animate.interpolate.Interpolator,flare.animate.interpolate.ObjectInterpolator
flare.animate.interpolate.Interpolator,flare.animate.interpolate.MatrixInterpolator
flare.animate.interpolate.Interpolator,flare.animate.interpolate.RectangleInterpolator
flare.animate.interpolate.Interpolator,flare.animate.interpolate.DateInterpolator
flare.animate.interpolate.Interpolator,flare.util.Property
flare.animate.interpolate.Interpolator,flare.animate.interpolate.ArrayInterpolator
flare.animate.interpolate.MatrixInterpolator,flare.animate.interpolate.Interpolator
flare.animate.interpolate.NumberInterpolator,flare.animate.interpolate.Interpolator
flare.animate.interpolate.ObjectInterpolator,flare.animate.interpolate.Interpolator
flare.animate.interpolate.PointInterpolator,flare.animate.interpolate.Interpolator
flare.animate.interpolate.RectangleInterpolator,flare.animate.interpolate.Interpolator
flare.animate.ISchedulable,flare.animate.Scheduler
flare.animate.Parallel,flare.animate.Easing
flare.animate.Parallel,flare.animate.Transition
flare.animate.Parallel,flare.util.Arrays
flare.animate.Pause,flare.animate.Transition
flare.animate.Scheduler,flare.animate.ISchedulable
flare.animate.Scheduler,flare.animate.Pause
flare.animate.Scheduler,flare.animate.Transition
flare.animate.Sequence,flare.animate.Easing
flare.animate.Sequence,flare.util.Maths
flare.animate.Sequence,flare.animate.Transition
flare.animate.Sequence,flare.util.Arrays
flare.animate.Transition,flare.animate.Transitioner
flare.animate.Transition,flare.animate.TransitionEvent
flare.animate.Transition,flare.animate.Scheduler
flare.animate.Transition,flare.animate.Pause
flare.animate.Transition,flare.animate.Parallel
flare.animate.Transition,flare.animate.Easing
flare.animate.Transition,flare.animate.Sequence
flare.animate.Transition,flare.animate.ISchedulable
flare.animate.Transition,flare.util.Maths
flare.animate.Transition,flare.animate.Tween
flare.animate.Transitioner,flare.util.IValueProxy
flare.animate.Transitioner,flare.animate.Parallel
flare.animate.Transitioner,flare.animate.Easing
flare.animate.Transitioner,flare.animate.Sequence
flare.animate.Transitioner,flare.animate.Transition
flare.animate.Transitioner,flare.animate.Tween
flare.animate.Transitioner,flare.util.Property
flare.animate.TransitionEvent,flare.animate.Transition
flare.animate.Tween,flare.animate.Transitioner
flare.animate.Tween,flare.animate.Transition
flare.animate.Tween,flare.animate.interpolate.Interpolator
flare.animate.Tween,flare.util.Property
flare.data.converters.Converters,flare.data.converters.IDataConverter
flare.data.converters.Converters,flare.data.converters.GraphMLConverter
flare.data.converters.Converters,flare.data.converters.JSONConverter
flare.data.converters.Converters,flare.data.converters.DelimitedTextConverter
flare.data.converters.DelimitedTextConverter,flare.data.DataSet
flare.data.converters.DelimitedTextConverter,flare.data.DataUtil
flare.data.converters.DelimitedTextConverter,flare.data.DataTable
flare.data.converters.DelimitedTextConverter,flare.data.converters.IDataConverter
flare.data.converters.DelimitedTextConverter,flare.data.DataSchema
flare.data.converters.DelimitedTextConverter,flare.data.DataField
flare.data.converters.GraphMLConverter,flare.data.DataSet
flare.data.converters.GraphMLConverter,flare.data.DataUtil
flare.data.converters.GraphMLConverter,flare.data.DataTable
flare.data.converters.GraphMLConverter,flare.data.converters.IDataConverter
flare.data.converters.GraphMLConverter,flare.data.DataSchema
flare.data.converters.GraphMLConverter,flare.data.DataField
flare.data.converters.IDataConverter,flare.data.DataSet
flare.data.converters.IDataConverter,flare.data.DataSchema
flare.data.converters.JSONConverter,flare.data.DataSet
flare.data.converters.JSONConverter,flare.data.DataUtil
flare.data.converters.JSONConverter,flare.data.DataTable
flare.data.converters.JSONConverter,flare.data.converters.IDataConverter
flare.data.converters.JSONConverter,flare.data.DataSchema
flare.data.converters.JSONConverter,flare.data.DataField
flare.data.converters.JSONConverter,flare.util.Property
flare.data.DataField,flare.data.DataUtil
flare.data.DataSchema,flare.data.DataField
flare.data.DataSchema,flare.util.Arrays
flare.data.DataSet,flare.data.DataTable
flare.data.DataSource,flare.data.converters.IDataConverter
flare.data.DataSource,flare.data.converters.Converters
flare.data.DataSource,flare.data.DataSchema
flare.data.DataTable,flare.data.DataSchema
flare.data.DataUtil,flare.data.DataField
flare.data.DataUtil,flare.data.DataSchema
flare.display.LineSprite,flare.display.DirtySprite
flare.display.RectSprite,flare.util.Colors
flare.display.RectSprite,flare.display.DirtySprite
flare.display.TextSprite,flare.display.DirtySprite
flare.flex.FlareVis,flare.display.DirtySprite
flare.flex.FlareVis,flare.data.DataSet
flare.flex.FlareVis,flare.vis.Visualization
flare.flex.FlareVis,flare.vis.axis.CartesianAxes
flare.flex.FlareVis,flare.vis.axis.Axes
flare.flex.FlareVis,flare.vis.data.Data
flare.physics.DragForce,flare.physics.Simulation
flare.physics.DragForce,flare.physics.Particle
flare.physics.DragForce,flare.physics.IForce
flare.physics.GravityForce,flare.physics.Simulation
flare.physics.GravityForce,flare.physics.Particle
flare.physics.GravityForce,flare.physics.IForce
flare.physics.IForce,flare.physics.Simulation
flare.physics.NBodyForce,flare.physics.Simulation
flare.physics.NBodyForce,flare.physics.Particle
flare.physics.NBodyForce,flare.physics.IForce
flare.physics.Simulation,flare.physics.Particle
flare.physics.Simulation,flare.physics.NBodyForce
flare.physics.Simulation,flare.physics.DragForce
flare.physics.Simulation,flare.physics.GravityForce
flare.physics.Simulation,flare.physics.Spring
flare.physics.Simulation,flare.physics.SpringForce
flare.physics.Simulation,flare.physics.IForce
flare.physics.Spring,flare.physics.Particle
flare.physics.SpringForce,flare.physics.Simulation
flare.physics.SpringForce,flare.physics.Particle
flare.physics.SpringForce,flare.physics.Spring
flare.physics.SpringForce,flare.physics.IForce
flare.query.AggregateExpression,flare.query.Expression
flare.query.And,flare.query.CompositeExpression
flare.query.And,flare.query.Expression
flare.query.Arithmetic,flare.query.BinaryExpression
flare.query.Arithmetic,flare.query.Expression
flare.query.Average,flare.query.Expression
flare.query.Average,flare.query.AggregateExpression
flare.query.BinaryExpression,flare.query.Expression
flare.query.Comparison,flare.query.Not
flare.query.Comparison,flare.query.BinaryExpression
flare.query.Comparison,flare.query.Expression
flare.query.Comparison,flare.query.Or
flare.query.CompositeExpression,flare.query.Expression
flare.query.CompositeExpression,flare.query.If
flare.query.Count,flare.query.Expression
flare.query.Count,flare.query.AggregateExpression
flare.query.DateUtil,flare.query.Fn
flare.query.Distinct,flare.query.Expression
flare.query.Distinct,flare.query.AggregateExpression
flare.query.Expression,flare.query.Variable
flare.query.Expression,flare.query.IsA
flare.query.Expression,flare.query.ExpressionIterator
flare.query.Expression,flare.util.IPredicate
flare.query.Expression,flare.query.Literal
flare.query.Expression,flare.util.IEvaluable
flare.query.Expression,flare.query.If
flare.query.ExpressionIterator,flare.query.Expression
flare.query.Fn,flare.query.DateUtil
flare.query.Fn,flare.query.CompositeExpression
flare.query.Fn,flare.query.Expression
flare.query.Fn,flare.query.StringUtil
flare.query.If,flare.query.Expression
flare.query.IsA,flare.query.Expression
flare.query.IsA,flare.query.If
flare.query.Literal,flare.query.Expression
flare.query.Match,flare.query.BinaryExpression
flare.query.Match,flare.query.Expression
flare.query.Match,flare.query.StringUtil
flare.query.Maximum,flare.query.Expression
flare.query.Maximum,flare.query.AggregateExpression
flare.query.methods.add,flare.query.methods.or
flare.query.methods.add,flare.query.Arithmetic
flare.query.methods.and,flare.query.And
flare.query.methods.and,flare.query.methods.or
flare.query.methods.average,flare.query.Average
flare.query.methods.average,flare.query.methods.or
flare.query.methods.count,flare.query.Count
flare.query.methods.count,flare.query.methods.or
flare.query.methods.distinct,flare.query.Distinct
flare.query.methods.distinct,flare.query.methods.or
flare.query.methods.div,flare.query.methods.or
flare.query.methods.div,flare.query.Arithmetic
flare.query.methods.eq,flare.query.Comparison
flare.query.methods.eq,flare.query.methods.or
flare.query.methods.fn,flare.query.methods.or
flare.query.methods.fn,flare.query.Fn
flare.query.methods.gt,flare.query.Comparison
flare.query.methods.gt,flare.query.methods.or
flare.query.methods.gte,flare.query.Comparison
flare.query.methods.gte,flare.query.methods.gt
flare.query.methods.gte,flare.query.methods.eq
flare.query.methods.gte,flare.query.methods.or
flare.query.methods.iff,flare.query.methods.or
flare.query.methods.iff,flare.query.If
flare.query.methods.isa,flare.query.IsA
flare.query.methods.isa,flare.query.methods.or
flare.query.methods.lt,flare.query.Comparison
flare.query.methods.lt,flare.query.methods.or
flare.query.methods.lte,flare.query.Comparison
flare.query.methods.lte,flare.query.methods.lt
flare.query.methods.lte,flare.query.methods.eq
flare.query.methods.lte,flare.query.methods.or
flare.query.methods.max,flare.query.Maximum
flare.query.methods.max,flare.query.methods.or
flare.query.methods.min,flare.query.Minimum
flare.query.methods.min,flare.query.methods.or
flare.query.methods.mod,flare.query.methods.or
flare.query.methods.mod,flare.query.Arithmetic
flare.query.methods.mul,flare.query.methods.lt
flare.query.methods.mul,flare.query.methods.or
flare.query.methods.mul,flare.query.Arithmetic
flare.query.methods.neq,flare.query.Comparison
flare.query.methods.neq,flare.query.methods.eq
flare.query.methods.neq,flare.query.methods.or
flare.query.methods.not,flare.query.Not
flare.query.methods.not,flare.query.methods.or
flare.query.methods.or,flare.query.Or
flare.query.methods.orderby,flare.query.Query
flare.query.methods.orderby,flare.query.methods.or
flare.query.methods.range,flare.query.methods.max
flare.query.methods.range,flare.query.Range
flare.query.methods.range,flare.query.methods.or
flare.query.methods.range,flare.query.methods.min
flare.query.methods.select,flare.query.Query
flare.query.methods.stddev,flare.query.methods.and
flare.query.methods.stddev,flare.query.Variance
flare.query.methods.stddev,flare.query.methods.or
flare.query.methods.sub,flare.query.methods.or
flare.query.methods.sub,flare.query.Arithmetic
flare.query.methods.sum,flare.query.Sum
flare.query.methods.sum,flare.query.methods.or
flare.query.methods.update,flare.query.Query
flare.query.methods.variance,flare.query.Variance
flare.query.methods.variance,flare.query.methods.or
flare.query.methods.where,flare.query.Query
flare.query.methods.where,flare.query.methods.lt
flare.query.methods.where,flare.query.methods.lte
flare.query.methods.xor,flare.query.Xor
flare.query.methods.xor,flare.query.methods.or
flare.query.methods._,flare.query.Literal
flare.query.methods._,flare.query.methods.or
flare.query.Minimum,flare.query.Expression
flare.query.Minimum,flare.query.AggregateExpression
flare.query.Not,flare.query.Expression
flare.query.Or,flare.query.CompositeExpression
flare.query.Or,flare.query.Expression
flare.query.Query,flare.query.Variable
flare.query.Query,flare.query.Sum
flare.query.Query,flare.query.Expression
flare.query.Query,flare.util.Sort
flare.query.Query,flare.query.Not
flare.query.Query,flare.query.AggregateExpression
flare.query.Query,flare.query.Literal
flare.query.Query,flare.util.Filter
flare.query.Query,flare.util.Property
flare.query.Query,flare.query.If
flare.query.Range,flare.query.And
flare.query.Range,flare.query.Comparison
flare.query.Range,flare.query.Expression
flare.query.StringUtil,flare.query.Fn
flare.query.Sum,flare.query.Expression
flare.query.Sum,flare.query.AggregateExpression
flare.query.Variable,flare.query.Expression
flare.query.Variable,flare.util.Property
flare.query.Variance,flare.query.Expression
flare.query.Variance,flare.query.AggregateExpression
flare.query.Xor,flare.query.CompositeExpression
flare.query.Xor,flare.query.Expression
flare.scale.IScaleMap,flare.scale.Scale
flare.scale.LinearScale,flare.util.Maths
flare.scale.LinearScale,flare.util.Strings
flare.scale.LinearScale,flare.scale.Scale
flare.scale.LinearScale,flare.scale.QuantitativeScale
flare.scale.LinearScale,flare.scale.ScaleType
flare.scale.LogScale,flare.util.Maths
flare.scale.LogScale,flare.util.Strings
flare.scale.LogScale,flare.scale.Scale
flare.scale.LogScale,flare.scale.QuantitativeScale
flare.scale.LogScale,flare.scale.ScaleType
flare.scale.OrdinalScale,flare.scale.ScaleType
flare.scale.OrdinalScale,flare.util.Arrays
flare.scale.OrdinalScale,flare.scale.Scale
flare.scale.QuantileScale,flare.util.Maths
flare.scale.QuantileScale,flare.util.Strings
flare.scale.QuantileScale,flare.scale.Scale
flare.scale.QuantileScale,flare.scale.ScaleType
flare.scale.QuantitativeScale,flare.util.Maths
flare.scale.QuantitativeScale,flare.util.Strings
flare.scale.QuantitativeScale,flare.scale.Scale
flare.scale.RootScale,flare.util.Maths
flare.scale.RootScale,flare.util.Strings
flare.scale.RootScale,flare.scale.Scale
flare.scale.RootScale,flare.scale.QuantitativeScale
flare.scale.RootScale,flare.scale.ScaleType
flare.scale.Scale,flare.scale.ScaleType
flare.scale.Scale,flare.util.Strings
flare.scale.ScaleType,flare.scale.Scale
flare.scale.TimeScale,flare.util.Maths
flare.scale.TimeScale,flare.util.Dates
flare.scale.TimeScale,flare.scale.Scale
flare.scale.TimeScale,flare.scale.ScaleType
flare.util.Arrays,flare.util.IValueProxy
flare.util.Arrays,flare.util.Property
flare.util.Arrays,flare.util.IEvaluable
flare.util.Colors,flare.util.Filter
flare.util.Dates,flare.util.Maths
flare.util.Displays,flare.util.IValueProxy
flare.util.Displays,flare.util.Filter
flare.util.Displays,flare.util.Property
flare.util.Displays,flare.util.IEvaluable
flare.util.Displays,flare.util.Sort
flare.util.Filter,flare.util.IPredicate
flare.util.Filter,flare.util.Property
flare.util.heap.FibonacciHeap,flare.util.heap.HeapNode
flare.util.heap.HeapNode,flare.util.heap.FibonacciHeap
flare.util.math.DenseMatrix,flare.util.math.IMatrix
flare.util.math.SparseMatrix,flare.util.math.IMatrix
flare.util.Maths,flare.util.Arrays
flare.util.palette.ColorPalette,flare.util.palette.Palette
flare.util.palette.ColorPalette,flare.util.Colors
flare.util.palette.ShapePalette,flare.util.palette.Palette
flare.util.palette.ShapePalette,flare.util.Shapes
flare.util.palette.SizePalette,flare.util.palette.Palette
flare.util.Property,flare.util.IPredicate
flare.util.Property,flare.util.IValueProxy
flare.util.Property,flare.util.IEvaluable
flare.util.Shapes,flare.util.Arrays
flare.util.Sort,flare.util.Arrays
flare.util.Sort,flare.util.Property
flare.util.Stats,flare.util.Arrays
flare.util.Stats,flare.util.Property
flare.util.Strings,flare.util.Dates
flare.util.Strings,flare.util.Property
flare.vis.axis.Axes,flare.animate.Transitioner
flare.vis.axis.Axes,flare.vis.Visualization
flare.vis.axis.Axis,flare.animate.Transitioner
flare.vis.axis.Axis,flare.scale.LinearScale
flare.vis.axis.Axis,flare.util.Arrays
flare.vis.axis.Axis,flare.scale.ScaleType
flare.vis.axis.Axis,flare.util.Strings
flare.vis.axis.Axis,flare.display.TextSprite
flare.vis.axis.Axis,flare.scale.Scale
flare.vis.axis.Axis,flare.util.Stats
flare.vis.axis.Axis,flare.scale.IScaleMap
flare.vis.axis.Axis,flare.vis.axis.AxisLabel
flare.vis.axis.Axis,flare.vis.axis.AxisGridLine
flare.vis.axis.AxisGridLine,flare.vis.axis.Axis
flare.vis.axis.AxisGridLine,flare.display.LineSprite
flare.vis.axis.AxisLabel,flare.vis.axis.Axis
flare.vis.axis.AxisLabel,flare.display.TextSprite
flare.vis.axis.CartesianAxes,flare.animate.Transitioner
flare.vis.axis.CartesianAxes,flare.display.RectSprite
flare.vis.axis.CartesianAxes,flare.vis.axis.Axis
flare.vis.axis.CartesianAxes,flare.display.TextSprite
flare.vis.axis.CartesianAxes,flare.vis.axis.Axes
flare.vis.axis.CartesianAxes,flare.vis.Visualization
flare.vis.axis.CartesianAxes,flare.vis.axis.AxisGridLine
flare.vis.controls.AnchorControl,flare.vis.controls.Control
flare.vis.controls.AnchorControl,flare.vis.Visualization
flare.vis.controls.AnchorControl,flare.vis.operator.layout.Layout
flare.vis.controls.ClickControl,flare.vis.events.SelectionEvent
flare.vis.controls.ClickControl,flare.vis.controls.Control
flare.vis.controls.Control,flare.vis.controls.IControl
flare.vis.controls.Control,flare.util.Filter
flare.vis.controls.ControlList,flare.vis.controls.IControl
flare.vis.controls.ControlList,flare.util.Arrays
flare.vis.controls.ControlList,flare.vis.Visualization
flare.vis.controls.ControlList,flare.vis.controls.Control
flare.vis.controls.DragControl,flare.vis.controls.Control
flare.vis.controls.DragControl,flare.vis.data.DataSprite
flare.vis.controls.ExpandControl,flare.animate.Transitioner
flare.vis.controls.ExpandControl,flare.vis.data.NodeSprite
flare.vis.controls.ExpandControl,flare.vis.controls.Control
flare.vis.controls.ExpandControl,flare.vis.Visualization
flare.vis.controls.HoverControl,flare.vis.events.SelectionEvent
flare.vis.controls.HoverControl,flare.vis.controls.Control
flare.vis.controls.IControl,flare.vis.controls.Control
flare.vis.controls.PanZoomControl,flare.util.Displays
flare.vis.controls.PanZoomControl,flare.vis.controls.Control
flare.vis.controls.SelectionControl,flare.vis.events.SelectionEvent
flare.vis.controls.SelectionControl,flare.vis.controls.Control
flare.vis.controls.TooltipControl,flare.animate.Tween
flare.vis.controls.TooltipControl,flare.display.TextSprite
flare.vis.controls.TooltipControl,flare.vis.controls.Control
flare.vis.controls.TooltipControl,flare.vis.events.TooltipEvent
flare.vis.data.Data,flare.vis.data.EdgeSprite
flare.vis.data.Data,flare.vis.data.NodeSprite
flare.vis.data.Data,flare.util.Arrays
flare.vis.data.Data,flare.vis.data.DataSprite
flare.vis.data.Data,flare.vis.data.Tree
flare.vis.data.Data,flare.vis.events.DataEvent
flare.vis.data.Data,flare.data.DataSet
flare.vis.data.Data,flare.vis.data.TreeBuilder
flare.vis.data.Data,flare.vis.data.DataList
flare.vis.data.Data,flare.data.DataSchema
flare.vis.data.Data,flare.util.Sort
flare.vis.data.Data,flare.data.DataField
flare.vis.data.Data,flare.util.Property
flare.vis.data.DataList,flare.animate.Transitioner
flare.vis.data.DataList,flare.vis.data.NodeSprite
flare.vis.data.DataList,flare.util.Arrays
flare.vis.data.DataList,flare.util.math.DenseMatrix
flare.vis.data.DataList,flare.vis.data.DataSprite
flare.vis.data.DataList,flare.vis.data.EdgeSprite
flare.vis.data.DataList,flare.vis.events.DataEvent
flare.vis.data.DataList,flare.util.Stats
flare.vis.data.DataList,flare.util.math.IMatrix
flare.vis.data.DataList,flare.util.Sort
flare.vis.data.DataList,flare.util.Filter
flare.vis.data.DataList,flare.util.Property
flare.vis.data.DataList,flare.util.IEvaluable
flare.vis.data.DataList,flare.vis.data.Data
flare.vis.data.DataSprite,flare.util.Colors
flare.vis.data.DataSprite,flare.vis.data.Data
flare.vis.data.DataSprite,flare.display.DirtySprite
flare.vis.data.DataSprite,flare.vis.data.render.IRenderer
flare.vis.data.DataSprite,flare.vis.data.render.ShapeRenderer
flare.vis.data.EdgeSprite,flare.vis.data.render.EdgeRenderer
flare.vis.data.EdgeSprite,flare.vis.data.DataSprite
flare.vis.data.EdgeSprite,flare.vis.data.NodeSprite
flare.vis.data.EdgeSprite,flare.vis.data.render.ArrowType
flare.vis.data.EdgeSprite,flare.vis.data.Data
flare.vis.data.NodeSprite,flare.animate.Transitioner
flare.vis.data.NodeSprite,flare.util.Arrays
flare.vis.data.NodeSprite,flare.vis.data.DataSprite
flare.vis.data.NodeSprite,flare.vis.data.EdgeSprite
flare.vis.data.NodeSprite,flare.vis.data.Tree
flare.vis.data.NodeSprite,flare.util.Sort
flare.vis.data.NodeSprite,flare.util.Filter
flare.vis.data.NodeSprite,flare.util.IEvaluable
flare.vis.data.NodeSprite,flare.vis.data.Data
flare.vis.data.render.EdgeRenderer,flare.vis.data.EdgeSprite
flare.vis.data.render.EdgeRenderer,flare.vis.data.NodeSprite
flare.vis.data.render.EdgeRenderer,flare.vis.data.DataSprite
flare.vis.data.render.EdgeRenderer,flare.vis.data.render.IRenderer
flare.vis.data.render.EdgeRenderer,flare.util.Shapes
flare.vis.data.render.EdgeRenderer,flare.util.Geometry
flare.vis.data.render.EdgeRenderer,flare.vis.data.render.ArrowType
flare.vis.data.render.IRenderer,flare.vis.data.DataSprite
flare.vis.data.render.ShapeRenderer,flare.util.Shapes
flare.vis.data.render.ShapeRenderer,flare.vis.data.render.IRenderer
flare.vis.data.render.ShapeRenderer,flare.vis.data.DataSprite
flare.vis.data.ScaleBinding,flare.scale.TimeScale
flare.vis.data.ScaleBinding,flare.scale.ScaleType
flare.vis.data.ScaleBinding,flare.scale.LinearScale
flare.vis.data.ScaleBinding,flare.scale.LogScale
flare.vis.data.ScaleBinding,flare.scale.OrdinalScale
flare.vis.data.ScaleBinding,flare.scale.RootScale
flare.vis.data.ScaleBinding,flare.scale.Scale
flare.vis.data.ScaleBinding,flare.scale.QuantileScale
flare.vis.data.ScaleBinding,flare.util.Stats
flare.vis.data.ScaleBinding,flare.scale.QuantitativeScale
flare.vis.data.ScaleBinding,flare.vis.events.DataEvent
flare.vis.data.ScaleBinding,flare.vis.data.Data
flare.vis.data.Tree,flare.vis.data.EdgeSprite
flare.vis.data.Tree,flare.vis.events.DataEvent
flare.vis.data.Tree,flare.vis.data.NodeSprite
flare.vis.data.Tree,flare.vis.data.Data
flare.vis.data.TreeBuilder,flare.vis.data.EdgeSprite
flare.vis.data.TreeBuilder,flare.vis.data.NodeSprite
flare.vis.data.TreeBuilder,flare.vis.data.Tree
flare.vis.data.TreeBuilder,flare.util.heap.HeapNode
flare.vis.data.TreeBuilder,flare.util.heap.FibonacciHeap
flare.vis.data.TreeBuilder,flare.util.Property
flare.vis.data.TreeBuilder,flare.util.IEvaluable
flare.vis.data.TreeBuilder,flare.vis.data.Data
flare.vis.events.DataEvent,flare.vis.data.EdgeSprite
flare.vis.events.DataEvent,flare.vis.data.NodeSprite
flare.vis.events.DataEvent,flare.vis.data.DataList
flare.vis.events.DataEvent,flare.vis.data.DataSprite
flare.vis.events.SelectionEvent,flare.vis.events.DataEvent
flare.vis.events.TooltipEvent,flare.vis.data.EdgeSprite
flare.vis.events.TooltipEvent,flare.vis.data.NodeSprite
flare.vis.events.VisualizationEvent,flare.animate.Transitioner
flare.vis.legend.Legend,flare.animate.Transitioner
flare.vis.legend.Legend,flare.vis.data.ScaleBinding
flare.vis.legend.Legend,flare.util.palette.SizePalette
flare.vis.legend.Legend,flare.scale.ScaleType
flare.vis.legend.Legend,flare.vis.legend.LegendItem
flare.vis.legend.Legend,flare.display.RectSprite
flare.vis.legend.Legend,flare.display.TextSprite
flare.vis.legend.Legend,flare.scale.Scale
flare.vis.legend.Legend,flare.vis.legend.LegendRange
flare.vis.legend.Legend,flare.util.Displays
flare.vis.legend.Legend,flare.util.Orientation
flare.vis.legend.Legend,flare.util.palette.ShapePalette
flare.vis.legend.Legend,flare.util.palette.Palette
flare.vis.legend.Legend,flare.util.palette.ColorPalette
flare.vis.legend.LegendItem,flare.util.Shapes
flare.vis.legend.LegendItem,flare.display.TextSprite
flare.vis.legend.LegendItem,flare.vis.legend.Legend
flare.vis.legend.LegendItem,flare.display.RectSprite
flare.vis.legend.LegendRange,flare.util.Colors
flare.vis.legend.LegendRange,flare.vis.legend.Legend
flare.vis.legend.LegendRange,flare.display.RectSprite
flare.vis.legend.LegendRange,flare.display.TextSprite
flare.vis.legend.LegendRange,flare.scale.Scale
flare.vis.legend.LegendRange,flare.util.Stats
flare.vis.legend.LegendRange,flare.scale.IScaleMap
flare.vis.legend.LegendRange,flare.util.Orientation
flare.vis.legend.LegendRange,flare.util.palette.ColorPalette
flare.vis.operator.distortion.BifocalDistortion,flare.vis.operator.distortion.Distortion
flare.vis.operator.distortion.Distortion,flare.animate.Transitioner
flare.vis.operator.distortion.Distortion,flare.vis.data.DataSprite
flare.vis.operator.distortion.Distortion,flare.vis.events.VisualizationEvent
flare.vis.operator.distortion.Distortion,flare.vis.axis.Axis
flare.vis.operator.distortion.Distortion,flare.vis.axis.CartesianAxes
flare.vis.operator.distortion.Distortion,flare.vis.operator.layout.Layout
flare.vis.operator.distortion.Distortion,flare.vis.data.Data
flare.vis.operator.distortion.FisheyeDistortion,flare.vis.operator.distortion.Distortion
flare.vis.operator.encoder.ColorEncoder,flare.animate.Transitioner
flare.vis.operator.encoder.ColorEncoder,flare.scale.ScaleType
flare.vis.operator.encoder.ColorEncoder,flare.vis.operator.encoder.Encoder
flare.vis.operator.encoder.ColorEncoder,flare.util.palette.Palette
flare.vis.operator.encoder.ColorEncoder,flare.util.palette.ColorPalette
flare.vis.operator.encoder.ColorEncoder,flare.vis.data.Data
flare.vis.operator.encoder.Encoder,flare.animate.Transitioner
flare.vis.operator.encoder.Encoder,flare.vis.data.DataSprite
flare.vis.operator.encoder.Encoder,flare.vis.operator.Operator
flare.vis.operator.encoder.Encoder,flare.vis.data.ScaleBinding
flare.vis.operator.encoder.Encoder,flare.util.palette.Palette
flare.vis.operator.encoder.Encoder,flare.util.Filter
flare.vis.operator.encoder.Encoder,flare.util.Property
flare.vis.operator.encoder.Encoder,flare.vis.data.Data
flare.vis.operator.encoder.PropertyEncoder,flare.animate.Transitioner
flare.vis.operator.encoder.PropertyEncoder,flare.vis.data.DataList
flare.vis.operator.encoder.PropertyEncoder,flare.vis.data.Data
flare.vis.operator.encoder.PropertyEncoder,flare.vis.operator.encoder.Encoder
flare.vis.operator.encoder.PropertyEncoder,flare.util.Filter
flare.vis.operator.encoder.PropertyEncoder,flare.vis.operator.Operator
flare.vis.operator.encoder.ShapeEncoder,flare.util.palette.Palette
flare.vis.operator.encoder.ShapeEncoder,flare.scale.ScaleType
flare.vis.operator.encoder.ShapeEncoder,flare.util.palette.ShapePalette
flare.vis.operator.encoder.ShapeEncoder,flare.vis.operator.encoder.Encoder
flare.vis.operator.encoder.ShapeEncoder,flare.vis.data.Data
flare.vis.operator.encoder.SizeEncoder,flare.util.palette.Palette
flare.vis.operator.encoder.SizeEncoder,flare.scale.ScaleType
flare.vis.operator.encoder.SizeEncoder,flare.vis.operator.encoder.Encoder
flare.vis.operator.encoder.SizeEncoder,flare.util.palette.SizePalette
flare.vis.operator.encoder.SizeEncoder,flare.vis.data.Data
flare.vis.operator.filter.FisheyeTreeFilter,flare.animate.Transitioner
flare.vis.operator.filter.FisheyeTreeFilter,flare.vis.data.NodeSprite
flare.vis.operator.filter.FisheyeTreeFilter,flare.vis.data.DataSprite
flare.vis.operator.filter.FisheyeTreeFilter,flare.vis.data.EdgeSprite
flare.vis.operator.filter.FisheyeTreeFilter,flare.vis.data.Tree
flare.vis.operator.filter.FisheyeTreeFilter,flare.vis.operator.Operator
flare.vis.operator.filter.FisheyeTreeFilter,flare.vis.data.Data
flare.vis.operator.filter.GraphDistanceFilter,flare.animate.Transitioner
flare.vis.operator.filter.GraphDistanceFilter,flare.vis.data.NodeSprite
flare.vis.operator.filter.GraphDistanceFilter,flare.vis.operator.Operator
flare.vis.operator.filter.GraphDistanceFilter,flare.vis.data.DataSprite
flare.vis.operator.filter.GraphDistanceFilter,flare.vis.data.EdgeSprite
flare.vis.operator.filter.VisibilityFilter,flare.vis.operator.Operator
flare.vis.operator.filter.VisibilityFilter,flare.animate.Transitioner
flare.vis.operator.filter.VisibilityFilter,flare.util.Filter
flare.vis.operator.filter.VisibilityFilter,flare.vis.data.DataSprite
flare.vis.operator.filter.VisibilityFilter,flare.vis.data.Data
flare.vis.operator.IOperator,flare.animate.Transitioner
flare.vis.operator.IOperator,flare.vis.Visualization
flare.vis.operator.IOperator,flare.vis.operator.Operator
flare.vis.operator.label.Labeler,flare.animate.Transitioner
flare.vis.operator.label.Labeler,flare.vis.data.DataSprite
flare.vis.operator.label.Labeler,flare.display.TextSprite
flare.vis.operator.label.Labeler,flare.vis.operator.Operator
flare.vis.operator.label.Labeler,flare.util.Shapes
flare.vis.operator.label.Labeler,flare.util.Filter
flare.vis.operator.label.Labeler,flare.util.Property
flare.vis.operator.label.Labeler,flare.util.IEvaluable
flare.vis.operator.label.Labeler,flare.vis.data.Data
flare.vis.operator.label.RadialLabeler,flare.vis.operator.label.Labeler
flare.vis.operator.label.RadialLabeler,flare.util.Shapes
flare.vis.operator.label.RadialLabeler,flare.display.TextSprite
flare.vis.operator.label.RadialLabeler,flare.vis.data.DataSprite
flare.vis.operator.label.RadialLabeler,flare.vis.data.Data
flare.vis.operator.label.StackedAreaLabeler,flare.vis.operator.label.Labeler
flare.vis.operator.label.StackedAreaLabeler,flare.display.TextSprite
flare.vis.operator.label.StackedAreaLabeler,flare.vis.data.DataSprite
flare.vis.operator.label.StackedAreaLabeler,flare.vis.data.Data
flare.vis.operator.layout.AxisLayout,flare.scale.ScaleType
flare.vis.operator.layout.AxisLayout,flare.vis.data.DataSprite
flare.vis.operator.layout.AxisLayout,flare.vis.axis.CartesianAxes
flare.vis.operator.layout.AxisLayout,flare.vis.data.ScaleBinding
flare.vis.operator.layout.AxisLayout,flare.util.Property
flare.vis.operator.layout.AxisLayout,flare.vis.operator.layout.Layout
flare.vis.operator.layout.AxisLayout,flare.vis.data.Data
flare.vis.operator.layout.BundledEdgeRouter,flare.animate.Transitioner
flare.vis.operator.layout.BundledEdgeRouter,flare.vis.data.NodeSprite
flare.vis.operator.layout.BundledEdgeRouter,flare.util.Arrays
flare.vis.operator.layout.BundledEdgeRouter,flare.vis.data.DataSprite
flare.vis.operator.layout.BundledEdgeRouter,flare.vis.data.EdgeSprite
flare.vis.operator.layout.BundledEdgeRouter,flare.util.Shapes
flare.vis.operator.layout.BundledEdgeRouter,flare.vis.operator.layout.Layout
flare.vis.operator.layout.BundledEdgeRouter,flare.vis.operator.Operator
flare.vis.operator.layout.CircleLayout,flare.vis.data.NodeSprite
flare.vis.operator.layout.CircleLayout,flare.vis.data.DataList
flare.vis.operator.layout.CircleLayout,flare.vis.data.ScaleBinding
flare.vis.operator.layout.CircleLayout,flare.util.Property
flare.vis.operator.layout.CircleLayout,flare.vis.operator.layout.Layout
flare.vis.operator.layout.CircleLayout,flare.vis.data.Data
flare.vis.operator.layout.CirclePackingLayout,flare.vis.data.NodeSprite
flare.vis.operator.layout.CirclePackingLayout,flare.vis.data.render.ShapeRenderer
flare.vis.operator.layout.CirclePackingLayout,flare.util.Shapes
flare.vis.operator.layout.CirclePackingLayout,flare.util.Sort
flare.vis.operator.layout.CirclePackingLayout,flare.vis.operator.layout.Layout
flare.vis.operator.layout.CirclePackingLayout,flare.vis.data.Data
flare.vis.operator.layout.DendrogramLayout,flare.util.Property
flare.vis.operator.layout.DendrogramLayout,flare.vis.data.NodeSprite
flare.vis.operator.layout.DendrogramLayout,flare.util.Orientation
flare.vis.operator.layout.DendrogramLayout,flare.vis.operator.layout.Layout
flare.vis.operator.layout.DendrogramLayout,flare.vis.data.EdgeSprite
flare.vis.operator.layout.ForceDirectedLayout,flare.physics.Simulation
flare.vis.operator.layout.ForceDirectedLayout,flare.animate.Transitioner
flare.vis.operator.layout.ForceDirectedLayout,flare.vis.data.NodeSprite
flare.vis.operator.layout.ForceDirectedLayout,flare.vis.data.DataSprite
flare.vis.operator.layout.ForceDirectedLayout,flare.physics.Particle
flare.vis.operator.layout.ForceDirectedLayout,flare.physics.Spring
flare.vis.operator.layout.ForceDirectedLayout,flare.vis.operator.layout.Layout
flare.vis.operator.layout.ForceDirectedLayout,flare.vis.data.EdgeSprite
flare.vis.operator.layout.ForceDirectedLayout,flare.vis.data.Data
flare.vis.operator.layout.IcicleTreeLayout,flare.vis.data.NodeSprite
flare.vis.operator.layout.IcicleTreeLayout,flare.util.Orientation
flare.vis.operator.layout.IcicleTreeLayout,flare.vis.operator.layout.Layout
flare.vis.operator.layout.IndentedTreeLayout,flare.animate.Transitioner
flare.vis.operator.layout.IndentedTreeLayout,flare.vis.data.NodeSprite
flare.vis.operator.layout.IndentedTreeLayout,flare.util.Arrays
flare.vis.operator.layout.IndentedTreeLayout,flare.vis.operator.layout.Layout
flare.vis.operator.layout.IndentedTreeLayout,flare.vis.data.EdgeSprite
flare.vis.operator.layout.Layout,flare.animate.Transitioner
flare.vis.operator.layout.Layout,flare.vis.data.NodeSprite
flare.vis.operator.layout.Layout,flare.vis.data.DataList
flare.vis.operator.layout.Layout,flare.vis.data.DataSprite
flare.vis.operator.layout.Layout,flare.vis.data.EdgeSprite
flare.vis.operator.layout.Layout,flare.vis.Visualization
flare.vis.operator.layout.Layout,flare.vis.axis.CartesianAxes
flare.vis.operator.layout.Layout,flare.vis.axis.Axes
flare.vis.operator.layout.Layout,flare.animate.TransitionEvent
flare.vis.operator.layout.Layout,flare.vis.operator.Operator
flare.vis.operator.layout.NodeLinkTreeLayout,flare.vis.data.NodeSprite
flare.vis.operator.layout.NodeLinkTreeLayout,flare.util.Arrays
flare.vis.operator.layout.NodeLinkTreeLayout,flare.util.Orientation
flare.vis.operator.layout.NodeLinkTreeLayout,flare.vis.operator.layout.Layout
flare.vis.operator.layout.PieLayout,flare.vis.data.DataList
flare.vis.operator.layout.PieLayout,flare.vis.data.DataSprite
flare.vis.operator.layout.PieLayout,flare.util.Shapes
flare.vis.operator.layout.PieLayout,flare.util.Property
flare.vis.operator.layout.PieLayout,flare.vis.operator.layout.Layout
flare.vis.operator.layout.PieLayout,flare.vis.data.Data
flare.vis.operator.layout.RadialTreeLayout,flare.vis.data.NodeSprite
flare.vis.operator.layout.RadialTreeLayout,flare.util.Arrays
flare.vis.operator.layout.RadialTreeLayout,flare.vis.operator.layout.Layout
flare.vis.operator.layout.RandomLayout,flare.vis.operator.layout.Layout
flare.vis.operator.layout.RandomLayout,flare.vis.data.DataSprite
flare.vis.operator.layout.RandomLayout,flare.vis.data.Data
flare.vis.operator.layout.StackedAreaLayout,flare.scale.TimeScale
flare.vis.operator.layout.StackedAreaLayout,flare.scale.LinearScale
flare.vis.operator.layout.StackedAreaLayout,flare.util.Arrays
flare.vis.operator.layout.StackedAreaLayout,flare.scale.OrdinalScale
flare.vis.operator.layout.StackedAreaLayout,flare.vis.data.NodeSprite
flare.vis.operator.layout.StackedAreaLayout,flare.scale.Scale
flare.vis.operator.layout.StackedAreaLayout,flare.vis.axis.CartesianAxes
flare.vis.operator.layout.StackedAreaLayout,flare.util.Stats
flare.vis.operator.layout.StackedAreaLayout,flare.util.Orientation
flare.vis.operator.layout.StackedAreaLayout,flare.scale.QuantitativeScale
flare.vis.operator.layout.StackedAreaLayout,flare.util.Maths
flare.vis.operator.layout.StackedAreaLayout,flare.vis.operator.layout.Layout
flare.vis.operator.layout.TreeMapLayout,flare.animate.Transitioner
flare.vis.operator.layout.TreeMapLayout,flare.vis.data.NodeSprite
flare.vis.operator.layout.TreeMapLayout,flare.util.Property
flare.vis.operator.layout.TreeMapLayout,flare.vis.operator.layout.Layout
flare.vis.operator.Operator,flare.animate.Transitioner
flare.vis.operator.Operator,flare.vis.operator.IOperator
flare.vis.operator.Operator,flare.util.Property
flare.vis.operator.Operator,flare.util.IEvaluable
flare.vis.operator.Operator,flare.vis.Visualization
flare.vis.operator.OperatorList,flare.animate.Transitioner
flare.vis.operator.OperatorList,flare.util.Arrays
flare.vis.operator.OperatorList,flare.vis.operator.IOperator
flare.vis.operator.OperatorList,flare.vis.Visualization
flare.vis.operator.OperatorList,flare.vis.operator.Operator
flare.vis.operator.OperatorSequence,flare.animate.Transitioner
flare.vis.operator.OperatorSequence,flare.util.Arrays
flare.vis.operator.OperatorSequence,flare.vis.operator.IOperator
flare.vis.operator.OperatorSequence,flare.vis.operator.OperatorList
flare.vis.operator.OperatorSequence,flare.animate.FunctionSequence
flare.vis.operator.OperatorSequence,flare.vis.operator.Operator
flare.vis.operator.OperatorSwitch,flare.animate.Transitioner
flare.vis.operator.OperatorSwitch,flare.vis.operator.OperatorList
flare.vis.operator.OperatorSwitch,flare.vis.operator.IOperator
flare.vis.operator.OperatorSwitch,flare.vis.operator.Operator
flare.vis.operator.SortOperator,flare.vis.operator.Operator
flare.vis.operator.SortOperator,flare.animate.Transitioner
flare.vis.operator.SortOperator,flare.util.Arrays
flare.vis.operator.SortOperator,flare.vis.data.Data
flare.vis.Visualization,flare.animate.Transitioner
flare.vis.Visualization,flare.vis.operator.IOperator
flare.vis.Visualization,flare.animate.Scheduler
flare.vis.Visualization,flare.vis.events.VisualizationEvent
flare.vis.Visualization,flare.vis.data.Tree
flare.vis.Visualization,flare.vis.events.DataEvent
flare.vis.Visualization,flare.vis.axis.Axes
flare.vis.Visualization,flare.vis.axis.CartesianAxes
flare.vis.Visualization,flare.util.Displays
flare.vis.Visualization,flare.vis.operator.OperatorList
flare.vis.Visualization,flare.vis.controls.ControlList
flare.vis.Visualization,flare.animate.ISchedulable
flare.vis.Visualization,flare.vis.data.Data